"TÍTULO","ENDEREÇO","PREÇO","URL"
"iPhone 11","Goiânia, Residencial Barravento","2900","https://go.olx.com.br/grande-goiania-e-anapolis/celulares/iphone-11-1024197133"
"iPhone 11","Goiânia, Conjunto Vera Cruz","2900","https://go.olx.com.br/grande-goiania-e-anapolis/celulares/iphone-11-1026031561"
"iPhone 11","Goiânia, Setor Bueno","2900","https://go.olx.com.br/grande-goiania-e-anapolis/celulares/iphone-11-1024206759"
"iPhone 11","Goiânia, Vila Redenção","2900","https://go.olx.com.br/grande-goiania-e-anapolis/celulares/iphone-11-1025212078"
"iPhone 11","Goiânia, Vila Rizzo","2900","https://go.olx.com.br/grande-goiania-e-anapolis/celulares/iphone-11-1021226818"
"iPhone 11","Aparecida de Goiânia, Jardim Tropical","2900","https://go.olx.com.br/grande-goiania-e-anapolis/celulares/iphone-11-1020339436"
"iPhone 11","Goiânia, Parque Anhanguera II","2900","https://go.olx.com.br/grande-goiania-e-anapolis/celulares/iphone-11-1016897804"
"iPhone 11","Goiânia, Residencial Barravento","2900","https://go.olx.com.br/grande-goiania-e-anapolis/celulares/iphone-11-1025087240"
"IPHONE 11","Goiânia, Residencial Eldorado","2900","https://go.olx.com.br/grande-goiania-e-anapolis/celulares/iphone-11-1024491572"
"Iphone 11","Goiânia, Conjunto Residencial Irisville","2900","https://go.olx.com.br/grande-goiania-e-anapolis/celulares/iphone-11-1025320196"
"iPhone 11","Goiânia, Setor Central","2900","https://go.olx.com.br/grande-goiania-e-anapolis/celulares/iphone-11-1014459923"
"Iphone 11","Aparecida de Goiânia, Papillon Park - Complemento","2900","https://go.olx.com.br/grande-goiania-e-anapolis/celulares/iphone-11-1021214893"
"iPhone 11","Aparecida de Goiânia, Cidade Livre","2900","https://go.olx.com.br/grande-goiania-e-anapolis/celulares/iphone-11-1018802473"
"iPhone 11","Goiânia, Setor Urias Magalhães","2900","https://go.olx.com.br/grande-goiania-e-anapolis/celulares/iphone-11-1016313749"
"iPhone 11","Goiânia, Parque Amazônia","2900","https://go.olx.com.br/grande-goiania-e-anapolis/celulares/iphone-11-1015015954"
"iPhone 11 128GB","Goiânia, Setor Bueno","2900","https://go.olx.com.br/grande-goiania-e-anapolis/celulares/iphone-11-128gb-1025037718"
"iPhone 11 64gb","Goiânia, Vila Viana","2900","https://go.olx.com.br/grande-goiania-e-anapolis/celulares/iphone-11-64gb-1014542556"
"iPhone 11 64gb","Goiânia, Setor Campinas","2900","https://go.olx.com.br/grande-goiania-e-anapolis/celulares/iphone-11-64gb-1020593169"
"iPhone 11 64gb","Goiânia, Setor Aeroporto","2900","https://go.olx.com.br/grande-goiania-e-anapolis/celulares/iphone-11-64gb-1019423965"
"IPhone 11 128gb","Goiânia, Residencial Licardino Ney","2900","https://go.olx.com.br/grande-goiania-e-anapolis/celulares/iphone-11-128gb-1026148099"
"iPhone 11 64","Goiânia, Setor Campinas","2900","https://go.olx.com.br/grande-goiania-e-anapolis/celulares/iphone-11-64-1025456601"
"iPhone 11 64gb","Itaberaí","2900","https://go.olx.com.br/grande-goiania-e-anapolis/celulares/iphone-11-64gb-1025170283"
"Iphone 11 256","Goiânia, Vila Jaraguá","2900","https://go.olx.com.br/grande-goiania-e-anapolis/celulares/iphone-11-256-1023213512"
"Iphone 11 64gb","Aparecida de Goiânia, Jardim das Esmeraldas","2900","https://go.olx.com.br/grande-goiania-e-anapolis/celulares/iphone-11-64gb-1012321178"
"iPhone 11 128gb","Senador Canedo","2900","https://go.olx.com.br/grande-goiania-e-anapolis/celulares/iphone-11-128gb-1016935564"
"iPhone 11 64gb","Goiânia, Setor Campinas","2900","https://go.olx.com.br/grande-goiania-e-anapolis/celulares/iphone-11-64gb-1016935816"
"iPhone 11 Branco","Aparecida de Goiânia, Vila Cruzeiro do Sul","2900","https://go.olx.com.br/grande-goiania-e-anapolis/celulares/iphone-11-branco-1022705039"
"iPhone 11 128Gb","Goiânia, Setor Leste Vila Nova","2900","https://go.olx.com.br/grande-goiania-e-anapolis/celulares/iphone-11-128gb-1016808130"
"IPHONE 11 64GB","Goiânia, Jardim América","2900","https://go.olx.com.br/grande-goiania-e-anapolis/celulares/iphone-11-64gb-1014514412"
"Vendo Iphone 11 64G","Goiânia, Jardim Novo Mundo","2900","https://go.olx.com.br/grande-goiania-e-anapolis/celulares/vendo-iphone-11-64g-1021174011"
"iPhone 11 64gb Red","Goiânia, Setor Coimbra","2900","https://go.olx.com.br/grande-goiania-e-anapolis/celulares/iphone-11-64gb-red-1020025858"
"Iphone 11 64 gb","Goianésia, Setor Universitário","2900","https://go.olx.com.br/grande-goiania-e-anapolis/celulares/iphone-11-64-gb-1021610018"
"iPhone 11 64gb preto","Goiânia, Residencial Fonte das Águas","2900","https://go.olx.com.br/grande-goiania-e-anapolis/celulares/iphone-11-64gb-preto-1023879365"
"iPhone 11 red 64Gb","Goiânia, Setor Solar Santa Rita","2900","https://go.olx.com.br/grande-goiania-e-anapolis/celulares/iphone-11-red-64gb-1023537642"
"iPhone 11 64 gb","Aparecida de Goiânia, Jardim Dom Bosco 2ª Etapa","2900","https://go.olx.com.br/grande-goiania-e-anapolis/celulares/iphone-11-64-gb-1020994029"
"IPhone 11 Red impecável","Goiânia, Cidade Jardim","2900","https://go.olx.com.br/grande-goiania-e-anapolis/celulares/iphone-11-red-impecavel-1026056393"
"Iphone 11 128 gb","Goiânia, Setor Marista","2900","https://go.olx.com.br/grande-goiania-e-anapolis/celulares/iphone-11-128-gb-1023088178"
"Iphone 11 256gb urgente","Goiânia, Vila Xavier","2900","https://go.olx.com.br/grande-goiania-e-anapolis/celulares/iphone-11-256gb-urgente-1024751778"
"iPhone 11 64 GB","Trindade","2900","https://go.olx.com.br/grande-goiania-e-anapolis/celulares/iphone-11-64-gb-1024725943"
"iPhone 11 64 gigas","Goiânia, Setor Marista","2900","https://go.olx.com.br/grande-goiania-e-anapolis/celulares/iphone-11-64-gigas-1024025573"
"IPhone 11 red impecável","Goiânia, St Campinas","2900","https://go.olx.com.br/grande-goiania-e-anapolis/celulares/iphone-11-red-impecavel-1019337395"
"iPhone 11 64gb seminovos","Goiânia, Parque Amazônia","2900","https://go.olx.com.br/grande-goiania-e-anapolis/celulares/iphone-11-64gb-seminovos-1015015811"
"Promoção / IPhone 11 64gb","Goiânia","2900","https://go.olx.com.br/grande-goiania-e-anapolis/celulares/promocao-iphone-11-64gb-1014036371"
"IPhone 11 vendo ou troco","Goiânia, Feliz","2900","https://go.olx.com.br/grande-goiania-e-anapolis/celulares/iphone-11-vendo-ou-troco-1018261686"
"iPhone 11 64 gb","Goiânia, Setor Santos Dumont","2900","https://go.olx.com.br/grande-goiania-e-anapolis/celulares/iphone-11-64-gb-1025644132"
"iPhone 11 64 gb","Goiânia","2900","https://go.olx.com.br/grande-goiania-e-anapolis/celulares/iphone-11-64-gb-1024734393"
"iPhone 11 vermelho 64gb","Goiânia, Setor Campinas","2900","https://go.olx.com.br/grande-goiania-e-anapolis/celulares/iphone-11-vermelho-64gb-1024608754"
"iPhone 11 64gb Branco","Goiânia, Residencial Granville","2900","https://go.olx.com.br/grande-goiania-e-anapolis/celulares/iphone-11-64gb-branco-1020311780"
"iPhone 11 preto 64GB","Goiânia, Setor Bela Vista","2900","https://go.olx.com.br/grande-goiania-e-anapolis/celulares/iphone-11-preto-64gb-1021286668"
"IPhone 11 red impecável","Goiânia, St Campinas","2900","https://go.olx.com.br/grande-goiania-e-anapolis/celulares/iphone-11-red-impecavel-1019337395"
"iPhone 11 64gb seminovos","Goiânia, Parque Amazônia","2900","https://go.olx.com.br/grande-goiania-e-anapolis/celulares/iphone-11-64gb-seminovos-1015015811"
"Promoção / IPhone 11 64gb","Goiânia","2900","https://go.olx.com.br/grande-goiania-e-anapolis/celulares/promocao-iphone-11-64gb-1014036371"
"iPhone 11 red 64 Gb","Goiânia, Jardim América","2900","https://go.olx.com.br/grande-goiania-e-anapolis/celulares/iphone-11-red-64-gb-1023598508"
"Vendo iPhone 11 64 gb","Goiânia, Setor Sul","2900","https://go.olx.com.br/grande-goiania-e-anapolis/celulares/vendo-iphone-11-64-gb-1013916900"
"iPhone 11 64gb semi novo","Goiânia, Parque Amazônia","2900","https://go.olx.com.br/grande-goiania-e-anapolis/celulares/iphone-11-64gb-semi-novo-1020371428"
"Iphone 11 Black com garantia apple","Goiânia, Setor Faiçalville","2900","https://go.olx.com.br/grande-goiania-e-anapolis/celulares/iphone-11-black-com-garantia-apple-1018125745"
"IPhone 11 64gb impecável . Oferta","Goiânia","2900","https://go.olx.com.br/grande-goiania-e-anapolis/celulares/iphone-11-64gb-impecavel-oferta-1014035335"
"iPhone 11 64 gigas COM GARANTIA","Goiânia, Jardim Planalto","2900","https://go.olx.com.br/grande-goiania-e-anapolis/celulares/iphone-11-64-gigas-com-garantia-1016716339"
"IPhone 11 64gb / 128gb (todos com ganharia )","Goiânia","2900","https://go.olx.com.br/grande-goiania-e-anapolis/celulares/iphone-11-64gb-128gb-todos-com-ganharia-1015520618"
"iPhone 11 . Muito novo . Original","Goiânia","2900","https://go.olx.com.br/grande-goiania-e-anapolis/celulares/iphone-11-muito-novo-original-1015596323"
"Impecável , iPhone 11 64gb . Branco","Goiânia","2900","https://go.olx.com.br/grande-goiania-e-anapolis/celulares/impecavel-iphone-11-64gb-branco-1014035632"
"iPhone 11 64GB Preto Semi Novo","Goiânia, Santa Genoveva","2900","https://go.olx.com.br/grande-goiania-e-anapolis/celulares/iphone-11-64gb-preto-semi-novo-1003987074"
"Iphone 11, 128 GB - Semi novo","Goiânia, Setor Bueno","2900","https://go.olx.com.br/grande-goiania-e-anapolis/celulares/iphone-11-128-gb-semi-novo-1019486846"
"IPhone 11 64 Gbs (Semi Novo)","Goiânia, Setor Campinas","2900","https://go.olx.com.br/grande-goiania-e-anapolis/celulares/iphone-11-64-gbs-semi-novo-1016365569"
"IPHONE 11 64Gb Branco em perfeito estado","Anápolis, Jundiaí","2900","https://go.olx.com.br/grande-goiania-e-anapolis/celulares/iphone-11-64gb-branco-em-perfeito-estado-1022918231"
"iPhone 11 64 gb zero impecável","Goiânia","2900","https://go.olx.com.br/grande-goiania-e-anapolis/celulares/iphone-11-64-gb-zero-impecavel-1025676176"
"iPhone 11 128gb detalhes só de uso","Goiânia","2900","https://go.olx.com.br/grande-goiania-e-anapolis/celulares/iphone-11-128gb-detalhes-so-de-uso-1021647051"
"IPhone 11 64gb , valores na descrição e informações . Xr","Goiânia","2900","https://go.olx.com.br/grande-goiania-e-anapolis/celulares/iphone-11-64gb-valores-na-descricao-e-informacoes-xr-1015201396"
"IPhone 11 Pro 64Gb sem detalhe único dono","Goiânia, Parque Amazônia","2900","https://go.olx.com.br/grande-goiania-e-anapolis/celulares/iphone-11-pro-64gb-sem-detalhe-unico-dono-1018804240"
"iPhone 11 64 gb aceito troca/troco","Aparecida de Goiânia, Cidade Vera Cruz","2900","https://go.olx.com.br/grande-goiania-e-anapolis/celulares/iphone-11-64-gb-aceito-troca-troco-1019147156"
"IPhone 11 128gb / 64gb . Leia descrição e valores .","Goiânia","2900","https://go.olx.com.br/grande-goiania-e-anapolis/celulares/iphone-11-128gb-64gb-leia-descricao-e-valores-1015609978"
"IPhone 11 64gb . Pronta entrega . Todo original . Leia valores","Goiânia","2900","https://go.olx.com.br/grande-goiania-e-anapolis/celulares/iphone-11-64gb-pronta-entrega-todo-original-leia-valores-1015595865"
"IPhone 11 64gb . Chama no WhatsApp do anúncio . XS","Goiânia","2900","https://go.olx.com.br/grande-goiania-e-anapolis/celulares/iphone-11-64gb-chama-no-whatsapp-do-anuncio-xs-1006851106"
"IPhone 11 64gb . Leia descrição e valores . 13 , xr , xs , 8","Goiânia","2900","https://go.olx.com.br/grande-goiania-e-anapolis/celulares/iphone-11-64gb-leia-descricao-e-valores-13-xr-xs-8-1015201364"
"IPhone 11 64gb . Chama no WhatsApp . Leia descrição e valores . Xr , 13","Goiânia","2900","https://go.olx.com.br/grande-goiania-e-anapolis/celulares/iphone-11-64gb-chama-no-whatsapp-leia-descricao-e-valores-xr-13-1015361529"
